,R,p,alpha,gamma,mu,sigma,mean,median,stdev
mlscc,-980.8669976415177,7.494538629259579e-170,3.1351584959779633,0.023357744481338313,0.3139133520262184,0.4067066733986978,1.6774647634969428,1.5362251317955398,0.5596013444605764
min,-645.881194802467,1.1299212402040221e-110,3.682727240094917,0.028637045647260682,0.1422879039134426,0.3949337391472883,1.5070368533074403,1.3808794602931092,0.4454347044456277
max,-652.0844791079755,6.896354023359255e-109,3.0198580219584605,0.03259107531642923,0.40535703488255725,0.36343992820275495,1.716894702526485,1.6075334143377886,0.5446396653629227
avg,-581.4428463726573,2.103125354094754e-98,3.0335662487916406,0.03340905712581999,0.38953633844283053,0.3744611599428034,1.7133009288625396,1.585278871310067,0.5510003185576922
