,n-nodes,n-edges,density,tau-edges-metric,tau-edges-ultrametric
min,6216,1613628,0.08353746229852424,0.00934911887994011,0.003910442803421854
max,1229,52478,0.0695435763829071,0.09838408475932772,0.02519150882274477
avg,1229,52478,0.0695435763829071,0.09392507336407638,0.023324059605930102
harm,6216,1613628,0.08353746229852424,0.009110526093994403,0.003893090600807621
