,n_nodes,n_edges,density,tau_metric,tau_ultrametric,ultra_per_metric
min,6216,1613628,0.08353746229852424,0.00934911887994011,0.003910442803421854,0.4182685933978523
harm,6216,1613628,0.08353746229852424,0.009110526093994403,0.003893090600807621,0.42731786953268486
max,1225,52478,0.06999866613311992,0.09838408475932772,0.02519150882274477,0.2560526825489057
avg,1225,52478,0.06999866613311992,0.09392507336407638,0.023324059605930102,0.24832623250152158
mlscc,1225,104956,0.06999866613311992,0.11630588055947254,0.03669156598955753,0.3154747276153027
