,n_nodes,n_edges,density,tau_metric,tau_ultrametric,ultra_per_metric
min,95,4465,1.0,0.3659574468085106,0.021052631578947368,0.057527539779681766
harm,95,4465,1.0,0.4665173572228443,0.021052631578947368,0.04512722035525684
max,95,4465,1.0,0.5117581187010078,0.021052631578947368,0.04113785557986871
avg,95,4465,1.0,0.5068309070548712,0.021052631578947368,0.0415377817057004
mlscc,95,8930,1.0,0.4743561030235162,0.021724524076147816,0.04579792256846081
