,n-nodes,n-edges,density,tau-edges-metric,tau-edges-ultrametric
min,95,4465,1.0,0.3659574468085106,0.021052631578947368
max,95,4465,1.0,0.5117581187010078,0.021052631578947368
avg,95,4465,1.0,0.5068309070548712,0.021052631578947368
harm,95,4465,1.0,0.4665173572228443,0.021052631578947368
