,R,p,alpha,gamma,mu,sigma,mean,median,stdev
min,-2244.0285416553743,8.586696006622883e-10,1.9795535328363951,0.014816232076430099,1.0123540474407642,0.415125445641801,57.32086023631928,2.737271943092,3593.551717066516
max,-880.2418647524312,0.003838990591063778,2.012081283133892,0.015308230401357151,0.8579311987132784,0.6687174642120579,426.3169049947315,2.5157001833721795,15081.34196786696
avg,-1119.6537595308916,0.002851236513927196,2.0293967167455014,0.015570134906107144,0.894869289640079,0.5833995484570007,265.8751593369976,2.4729900397629643,8954.07483621589
