,R,p,alpha,gamma,mu,sigma,mean,median,stdev
min,-488.84911161114354,6.27222321533946e-69,1.3736662584290453,0.004294730768775822,0.7396491326576098,2.9911883186047437,1199.8246498382748,9.9,62783.30614176891
max,0.0,1.0,,,,,,,
avg,0.0,1.0,,,,,,,
