,n_nodes,nedges,density,nedges_metric,nedges_ultrametric
max,84,488,0.1399885255306942,307,86
avg,84,488,0.1399885255306942,323,84
dir_scc,84,976,0.1399885255306942,590,219
