,R,p,alpha,gamma,mu,sigma,mean,median,stdev
mlscc,-85.08815047825236,6.188386488922103e-19,2.816576197899776,0.0943119370122791,0.49494058176242883,0.34951070050549277,1.8171065781037672,1.6898148148148149,0.5728545876915316
min,-100.50404777864945,1.1438945719459235e-19,2.6563791060404665,0.08419848186665631,0.5576593886005894,0.3600695339583124,1.9266462203451558,1.8823529411764706,0.6472205765875026
max,-48.12515115826495,2.3678251487509713e-11,2.8739445264961683,0.12605515004322743,0.47363898468493437,0.3475793981937839,1.7879012289767686,1.6603773584905661,0.5986897169865423
avg,-43.5375069892864,1.9402979919976613e-10,3.083150699042316,0.13474781706836012,0.403516868058593,0.340885660095202,1.685125172295268,1.5184179914695617,0.5190923577666611
