,n-nodes,n-edges,density,%-edges-metric,%-edges-ultrametric
min,113,2944,0.46523388116308473,0.17459239130434784,0.043138586956521736
max,113,488,0.07711757269279393,0.6290983606557377,0.1762295081967213
avg,113,488,0.07711757269279393,0.6618852459016393,0.1721311475409836
harm,113,2944,0.46523388116308473,0.18648097826086957,0.04076086956521739
