,n-nodes,n-edges,density,tau-edges-metric,tau-edges-ultrametric
min,113,2944,0.46523388116308473,0.17459239130434784,0.043138586956521736
max,94,488,0.11164493250972317,0.6290983606557377,0.1762295081967213
avg,94,488,0.11164493250972317,0.6618852459016393,0.1721311475409836
harm,113,2944,0.46523388116308473,0.18648097826086957,0.04076086956521739
