,n_nodes,n_edges,density,tau_metric,tau_ultrametric,ultra_per_metric
min,110,205,0.03419516263552961,0.5902439024390244,0.5560975609756098,0.9421487603305786
harm,110,205,0.03419516263552961,0.5951219512195122,0.5317073170731708,0.8934426229508198
max,63,90,0.04608294930875576,0.7555555555555555,0.6888888888888889,0.9117647058823529
avg,63,90,0.04608294930875576,0.7444444444444445,0.6888888888888889,0.9253731343283582
mlscc,63,180,0.04608294930875576,0.7722222222222223,0.7166666666666667,0.9280575539568345
