,n-nodes,n-edges,density,tau-edges-metric,tau-edges-ultrametric
min,110,205,0.03419516263552961,0.5902439024390244,0.5560975609756098
max,66,90,0.04195804195804196,0.7555555555555555,0.6888888888888889
avg,66,90,0.04195804195804196,0.7444444444444445,0.6888888888888889
harm,110,205,0.03419516263552961,0.5951219512195122,0.5317073170731708
