,n_nodes,nedges,density,nedges_metric,nedges_ultrametric
max,63,90,0.04608294930875576,68,62
avg,63,90,0.04608294930875576,67,62
dir_scc,63,180,0.04608294930875576,139,129
