,R,p,alpha,gamma,mu,sigma,mean,median,stdev
min,-16.0090945573567,0.0007496118187236249,1.3302762781248296,0.034622361428720994,2.5130219654435937,2.185901312975572,100.85183011992288,18.9375,243.144063146075
max,-0.804625015024222,0.6027575351461834,1.6228026383738592,0.117698635500866,4.790019643536823e-08,2.052354508638188,11.17155183783469,4.218849706129303,16.195121127679386
avg,-1.6416259766499604,0.2607451587925158,1.6107506893880372,0.11542103122728585,0.3123233708644354,1.9026437311215862,10.612289464192688,4.3140506005763175,14.316692932196396
