,n_nodes,nedges,density,nedges_metric,nedges_ultrametric
max,57,1237,0.775062656641604,328,56
avg,57,1237,0.775062656641604,309,56
dir_scc,57,2474,0.775062656641604,671,193
