,n-nodes,n-edges,density,tau-edges-metric,tau-edges-ultrametric
min,57,1281,0.8026315789473685,0.11943793911007025,0.04371584699453552
max,57,1237,0.775062656641604,0.2651576394502829,0.04527081649151172
avg,57,1237,0.775062656641604,0.2497978981406629,0.04527081649151172
harm,57,1281,0.8026315789473685,0.14988290398126464,0.04371584699453552
