,n_nodes,n_edges,density,tau_metric,tau_ultrametric,ultra_per_metric
min,57,1281,0.8026315789473685,0.11943793911007025,0.04371584699453552,0.36601307189542487
harm,57,1281,0.8026315789473685,0.14988290398126464,0.04371584699453552,0.2916666666666667
max,57,1237,0.775062656641604,0.2651576394502829,0.04527081649151172,0.17073170731707318
avg,57,1237,0.775062656641604,0.2497978981406629,0.04527081649151172,0.18122977346278316
mlscc,57,2474,0.775062656641604,0.2712206952303961,0.07801131770412288,0.28763040238450077
