,R,p,alpha,gamma,mu,sigma,mean,median,stdev
mlscc,-139.45385745143489,8.630804061955907e-27,2.982332815382378,0.0906697925337925,0.47550285411171217,0.28324108368062983,1.711458126647016,1.6395005675368899,0.44409418888326574
min,-31.570531374443313,3.527134846887204e-07,3.007185323501447,0.20379879209296772,0.4769219737499246,0.2639118348358321,1.6948889943905112,1.7213842058562554,0.4149722057237797
max,-90.7107812028544,9.839231651756458e-19,2.649328008792531,0.10000519987560674,0.5820535971842415,0.3169795902074989,1.9138667842728192,1.8198488327204014,0.5665001731991789
avg,-70.71916202587241,3.832660976971985e-15,2.819204680405585,0.11437241833557257,0.5145520301125099,0.31563947681493415,1.8039929846260891,1.7220273588214663,0.5196298557116289
