,n_nodes,n_edges,density,tau_metric,tau_ultrametric,ultra_per_metric
min,313,2932,0.06004751372163513,0.32162346521145974,0.11425648021828104,0.3552492046659597
harm,313,2932,0.06004751372163513,0.3219645293315143,0.11050477489768076,0.3432203389830509
max,215,558,0.02425559660943273,0.8207885304659498,0.42473118279569894,0.517467248908297
avg,215,558,0.02425559660943273,0.8405017921146953,0.3835125448028674,0.4562899786780384
mlscc,215,1116,0.02425559660943273,0.7652329749103942,0.4668458781362007,0.6100702576112412
