,n-nodes,n-edges,density,tau-edges-metric,tau-edges-ultrametric
min,313,2932,0.06004751372163513,0.32162346521145974,0.11425648021828104
max,249,568,0.01839616530638684,0.823943661971831,0.43485915492957744
avg,249,568,0.01839616530638684,0.8433098591549296,0.39436619718309857
harm,313,2932,0.06004751372163513,0.3219645293315143,0.11050477489768076
