,n_nodes,nedges,density,nedges_metric,nedges_ultrametric
max,215,558,0.02425559660943273,458,237
avg,215,558,0.02425559660943273,469,214
dir_scc,215,1116,0.02425559660943273,854,521
