,R,p,alpha,gamma,mu,sigma,mean,median,stdev
min,-85934.04267522432,0,1.1282419749310058,0.0003941822603089642,7.795085477033551,2.28264851030331,15835.524308003894,3336.475543850048,64165.038850505334
max,-51048.80847270303,0,1.13756652309712,0.0005343124612574413,7.2650090305719,2.22162976935403,7777.349567492615,2040.496250972897,23812.623800005582
avg,-52338.98929039976,0,1.13802928377915,0.0005361098374898409,7.241542403649691,2.1700647272343927,6573.402462244435,2067.918297844355,17217.66583544027
