,n_nodes,n_edges,density,tau_metric,tau_ultrametric,ultra_per_metric
min,863,106707,0.2868830201665264,0.013054438790332405,0.008087566888770183,0.6195262024407753
harm,863,106707,0.2868830201665264,0.012857638205553525,0.008078195432352142,0.6282798833819242
max,863,67150,0.1805335620360637,0.018183172002978407,0.012836932241250931,0.705978705978706
avg,863,67150,0.1805335620360637,0.018093819806403573,0.012836932241250931,0.7094650205761318
mlscc,863,134300,0.1805335620360637,0.022114668652271036,0.015748324646314222,0.712121212121212
