,n-nodes,n-edges,density,%-edges-metric,%-edges-ultrametric
min,863,106707,0.2868830201665264,0.013054438790332405,0.008087566888770183
max,863,67150,0.1805335620360637,0.018183172002978407,0.012836932241250931
avg,863,67150,0.1805335620360637,0.018093819806403573,0.012836932241250931
harm,863,106707,0.2868830201665264,0.012857638205553525,0.008078195432352142
