,n_nodes,nedges,density,nedges_metric,nedges_ultrametric
max,863,67150,0.1805335620360637,1221,862
avg,863,67150,0.1805335620360637,1215,862
dir_scc,863,134300,0.1805335620360637,2970,2115
