,n_nodes,n_edges,density,tau_metric,tau_ultrametric,ultra_per_metric
min,6,15,1.0,0.7333333333333333,0.3333333333333333,0.45454545454545453
harm,6,15,1.0,0.8,0.3333333333333333,0.41666666666666663
max,6,15,1.0,0.8,0.3333333333333333,0.41666666666666663
avg,6,15,1.0,0.8666666666666667,0.3333333333333333,0.3846153846153846
mlscc,6,30,1.0,0.7666666666666667,0.3333333333333333,0.4347826086956521
