,n-nodes,n-edges,density,tau-edges-metric,tau-edges-ultrametric
min,6,15,1.0,0.7333333333333333,0.3333333333333333
max,6,15,1.0,0.8,0.3333333333333333
avg,6,15,1.0,0.8666666666666667,0.3333333333333333
harm,6,15,1.0,0.8,0.3333333333333333
