,R,p,alpha,gamma,mu,sigma,mean,median,stdev
min,0.04238440906474461,0.963017027364039,3.5820819214767847,0.8165259977010679,1.4674384460692098e-06,0.511563753606786,1.5634721626645516,1.3419337930149435,0.6094129976181324
max,-2.4885544569468703,0.08051864922080464,3.299888299821625,0.727288539140856,0.3981432273600426,0.26499255200742405,1.5889965722597612,1.4416957681802778,0.4173153742119241
avg,-0.9050204819481232,0.3373123973177957,3.4410146647660778,0.7719166142533173,0.21516019626180324,0.3981130831424475,1.5702115442921079,1.434984535146529,0.50500778396718
