,n-nodes,nd-edges,nu-edges,tau-metric,tau-ultrametric,tau-avg-metric,tau-avg-ultrametric,tau-max-metric,tau-max-ultrametric
0,6,30,15,0.7666666666666667,0.3333333333333333,0.8666666666666667,0.3333333333333333,0.8,0.3333333333333333
