,R,p,alpha,gamma,mu,sigma,mean,median,stdev
mlscc,-41.61855843392677,9.008986610442445e-10,2.9421539363381735,0.10995281494446195,0.3751989034789397,0.4223236555512295,1.7707519094229247,1.5743852459016394,0.6413762485520548
min,-122.4927053152175,4.366088338251087e-24,2.5530227721801673,0.06399118852370234,0.5643872952437864,0.42901715539834734,2.040449314088006,1.842105263157895,0.8094829126817957
max,-18.061592331900115,9.038287953713124e-05,2.911873169010759,0.13833828736361314,0.2889353362263385,0.4988514383671302,1.8052698098428137,1.5624999999999998,0.7255316555100765
avg,-18.44000299122763,0.0001368686828129315,2.9297427898508204,0.12893636364676922,0.2397847330519335,0.5241069449561124,1.8000011475208189,1.5528586839266452,0.7312754790814312
