,n-nodes,n-edges,density,tau-edges-metric,tau-edges-ultrametric
min,328,2832,0.052808234504363394,0.330861581920904,0.1228813559322034
max,289,642,0.015426758938869665,0.6947040498442367,0.397196261682243
avg,289,642,0.015426758938869665,0.7305295950155763,0.38161993769470404
harm,328,2832,0.052808234504363394,0.3343926553672316,0.1182909604519774
