,n_nodes,nedges,density,nedges_metric,nedges_ultrametric
max,238,634,0.02247987802716023,438,247
avg,238,634,0.02247987802716023,461,237
dir_scc,238,1268,0.02247987802716023,859,547
