,n_nodes,n_edges,density,tau_metric,tau_ultrametric,ultra_per_metric
min,328,2832,0.052808234504363394,0.330861581920904,0.1228813559322034,0.37139807897545357
harm,328,2832,0.052808234504363394,0.3343926553672316,0.1182909604519774,0.3537486800422387
max,238,634,0.02247987802716023,0.6908517350157729,0.38958990536277605,0.5639269406392694
avg,238,634,0.02247987802716023,0.7271293375394322,0.37381703470031546,0.5140997830802603
mlscc,238,1268,0.02247987802716023,0.6774447949526814,0.4313880126182965,0.6367869615832363
