,n_nodes,nedges,density,nedges_metric,nedges_ultrametric
max,56,158,0.1025974025974026,121,65
avg,56,158,0.1025974025974026,128,55
dir_scc,56,316,0.1025974025974026,239,142
