,n-nodes,n-edges,density,tau-edges-metric,tau-edges-ultrametric
min,145,2266,0.21704980842911878,0.2436010591350397,0.10326566637246248
max,116,162,0.024287856071964018,0.7716049382716049,0.42592592592592593
avg,116,162,0.024287856071964018,0.8148148148148148,0.36419753086419754
harm,145,2266,0.21704980842911878,0.2471315092674316,0.09664607237422772
