,R,p,alpha,gamma,mu,sigma,mean,median,stdev
mlscc,-17.096118147353582,5.790774014143591e-05,3.4416956625653485,0.2479166327409118,0.34013692248362126,0.295424651140884,1.5521440137747382,1.4285714285714286,0.3929884143559706
min,-92.5348202568202,1.459592427228041e-16,2.4748757477628165,0.08270692500910692,0.6388281499264882,0.3812332445240296,2.0942293920351918,2.0869565217391304,0.7782008785421111
max,-8.720957652264088,0.009384810451259738,3.5393253208643305,0.33933161943693324,0.31087072593828136,0.3009435676178902,1.5287221819836445,1.4336407935955446,0.4086809114861108
avg,-14.47036183068191,0.0006218217729538914,3.3080832142786663,0.2701407072233076,0.37440963154530416,0.29550175767726566,1.5916770582961837,1.517134559535334,0.41353998832936417
