,n-nodes,n-edges,density,%-edges-metric,%-edges-ultrametric
min,1075,11973,0.02074054826555801,0.13822767894429133,0.09003591414014867
max,1075,6933,0.012009873976874107,0.22717438338381654,0.1339968267705178
avg,1075,6933,0.012009873976874107,0.243473243905957,0.13385258906678205
harm,1075,11973,0.02074054826555801,0.1440741668754698,0.08978535037166958
