,n_nodes,n_edges,density,tau_metric,tau_ultrametric,ultra_per_metric
min,1075,11973,0.02074054826555801,0.13822767894429133,0.09003591414014867,0.6513595166163141
harm,1075,11973,0.02074054826555801,0.1440741668754698,0.08978535037166958,0.6231884057971014
max,926,6930,0.016181191991127195,0.22683982683982684,0.13362193362193361,0.589058524173028
avg,926,6930,0.016181191991127195,0.24314574314574314,0.13347763347763347,0.5489614243323442
mlscc,926,13860,0.016181191991127195,0.33665223665223665,0.22857142857142856,0.6789541363051864
