,n_nodes,nedges,density,nedges_metric,nedges_ultrametric
max,926,6930,0.016181191991127195,1572,926
avg,926,6930,0.016181191991127195,1685,925
dir_scc,926,13860,0.016181191991127195,4666,3168
