,R,p,alpha,gamma,mu,sigma,mean,median,stdev
min,7610057.963241147,0.0,1.1781494140625006,0.001706753416966004,inf,,inf,342.8487918939985,
max,-311.853216816291,1.1150864251178855e-61,1.3210270169752976,0.004143060178127186,0.22874067642073595,3.798007756747279,595.9388397058298,11.317544229420964,9352.213124584738
avg,-311.8278235827881,3.2017293653719284e-61,1.321563683457276,0.0041496406457099495,0.22751817474521235,3.7920543236019215,524.0606716338376,11.487749947102836,6687.200681879132
