,R,p,alpha,gamma,mu,sigma,mean,median,stdev
min,-689.1581159474777,5.320733839525987e-158,1.666915038734938,0.013526269349748102,1.4068107185513383,0.854690298617699,6.0939434387361135,4.2,5.304501632006452
max,-19.985417061452647,5.533418282221915e-06,2.393115319766694,0.14072589851169925,0.6256337485639849,0.482833521316156,2.2451776614157013,1.9606552357624003,1.0707612469910632
avg,-17.855776742606675,0.0002585539923463823,2.7382002938391663,0.1721074750146184,0.4765926502395177,0.41631641715438117,1.887532235814038,1.8153370439084726,0.6879571829613155
