,n_nodes,nedges,density,nedges_metric,nedges_ultrametric
max,78,179,0.05960705960705961,146,81
avg,78,179,0.05960705960705961,156,77
dir_scc,78,358,0.05960705960705961,280,187
