,n-nodes,n-edges,density,%-edges-metric,%-edges-ultrametric
min,206,2741,0.12981292919725312,0.3349142648668369,0.11309740970448741
max,206,188,0.008903623016812693,0.824468085106383,0.4787234042553192
avg,206,188,0.008903623016812693,0.8776595744680851,0.4574468085106383
harm,206,2741,0.12981292919725312,0.32834731849689897,0.09813936519518424
