,n_nodes,nedges,density,nedges_metric,nedges_ultrametric
max,863,199898,0.5374281159178713,3139,863
avg,863,199898,0.5374281159178713,3022,862
dir_scc,863,399796,0.5374281159178713,11178,3847
