,R,p,alpha,gamma,mu,sigma,mean,median,stdev
min,-154315.0209995929,0,1.1963721133295184,0.00040276227017259526,5.080905840781847,1.7700979833311923,936.1738635918327,161.80249007273716,6047.731982441488
max,-120385.7896809444,0,1.220985858688255,0.0004953358447726803,4.509181302473648,1.6524502057456716,302.3254092772278,100.48700112288981,748.7711662657354
avg,-120727.47921187406,0,1.2289744596143886,0.0005132408613649737,4.352174448182094,1.5916707812317155,235.18919240969706,86.65565768394927,542.6520905029984
