,n-nodes,n-edges,density,%-edges-metric,%-edges-ultrametric
min,863,238586,0.6414412573631615,0.009799401473682445,0.0036381011459180337
max,863,199898,0.5374281159178713,0.01570300853435252,0.004317201772904181
avg,863,199898,0.5374281159178713,0.01511771003211638,0.004312199221603017
harm,863,238586,0.6414412573631615,0.009728148340640272,0.003612952981314914
