,n_nodes,n_edges,density,tau_metric,tau_ultrametric,ultra_per_metric
min,863,238586,0.6414412573631615,0.009799401473682445,0.0036381011459180337,0.37125748502994016
harm,863,238586,0.6414412573631615,0.009728148340640272,0.003612952981314914,0.37139164153382165
max,863,199898,0.5374281159178713,0.01570300853435252,0.004317201772904181,0.2749283211213762
avg,863,199898,0.5374281159178713,0.01511771003211638,0.004312199221603017,0.2852415618795499
mlscc,863,399796,0.5374281159178713,0.027959259222203325,0.009622407427788172,0.3441581678296654
