,R,p,alpha,gamma,mu,sigma,mean,median,stdev
min,-11042.639565697953,0.0,1.9434422382916967,0.005091586361294132,1.0130238108145018,0.5651034737783365,3.6076696521048928,2.8051948051948052,11.248939331005653
max,-2176.6997519079887,2.489519388925037e-115,2.091449285282236,0.008290471308268219,0.6433165155858316,0.7720582458799623,3.416735827321081,2.2835820895522385,9.034561496049038
avg,-3101.721773486668,1.3328995153508738e-162,2.1644133091462434,0.008844439026056038,0.7172696589996772,0.6150507020982655,2.8928479831296627,2.227136012452472,5.021554932465763
