,n_nodes,nedges,density,nedges_metric,nedges_ultrametric
max,721,12626,0.04864385883803359,8943,722
avg,721,12626,0.04864385883803359,9427,720
dir_scc,721,25252,0.04864385883803359,18003,1476
