,n-nodes,n-edges,density,tau-edges-metric,tau-edges-ultrametric
min,725,35063,0.13359878072013717,0.5589367709551379,0.020762627270912357
max,723,18055,0.06917545009061199,0.6353918582110218,0.04004430905566325
avg,723,18055,0.06917545009061199,0.6767654389365827,0.03998892273608419
harm,725,35063,0.13359878072013717,0.3849071670992214,0.02064854690129196
