,R,p,alpha,gamma,mu,sigma,mean,median,stdev
min,0.3718876045488315,0.914943871576746,2.148631206322448,0.11001891614409202,1.656220458146102e-07,1.149181634756619,3.6497783309422527,1.8055555555555556,6.00639522446478
max,-0.7802905837138207,0.33939617804840394,4.967727472349827,1.9838637361749134,0.2166917082256227,0.173220045591076,1.300238439930639,1.2984379809172053,0.21659912184640887
avg,-0.35616479039841276,0.6221075622977417,3.8510692012889685,1.4255346006444842,0.18061594598500186,0.34318979037788166,1.4614908777191282,1.4564745604843408,0.3983512071642298
