,n-nodes,n-edges,density,tau-edges-metric,tau-edges-ultrametric
min,322,430,0.00832027244054875,0.8651162790697674,0.7465116279069768
max,322,179,0.0034635552717633173,0.9497206703910615,0.9273743016759777
avg,322,179,0.0034635552717633173,0.9553072625698324,0.9273743016759777
harm,322,430,0.00832027244054875,0.8511627906976744,0.7465116279069768
