,n-nodes,n-edges,density,tau-edges-metric,tau-edges-ultrametric
min,322,430,0.00832027244054875,0.8651162790697674,0.7465116279069768
max,114,97,0.015059773327123117,0.9484536082474226,0.9072164948453608
avg,114,97,0.015059773327123117,0.9587628865979382,0.9072164948453608
harm,322,430,0.00832027244054875,0.8511627906976744,0.7465116279069768
