,n_nodes,nedges,density,nedges_metric,nedges_ultrametric
max,30,33,0.07586206896551724,31,29
avg,30,33,0.07586206896551724,31,29
dir_scc,30,66,0.07586206896551724,62,58
