,n_nodes,n_edges,density,tau_metric,tau_ultrametric,ultra_per_metric
min,322,430,0.00832027244054875,0.8651162790697674,0.7465116279069768,0.8629032258064517
harm,322,430,0.00832027244054875,0.8511627906976744,0.7465116279069768,0.8770491803278689
max,30,33,0.07586206896551724,0.9393939393939394,0.8787878787878788,0.9354838709677419
avg,30,33,0.07586206896551724,0.9393939393939394,0.8787878787878788,0.9354838709677419
mlscc,30,66,0.07586206896551724,0.9393939393939394,0.8787878787878788,0.9354838709677419
