,n_nodes,n_edges,density,tau_metric,tau_ultrametric,ultra_per_metric
min,413,18381,0.2160488022755589,0.15146074751101682,0.02459060986888635,0.16235632183908047
harm,413,18381,0.2160488022755589,0.1702301289374898,0.022414449703498176,0.13167146053052092
max,413,15503,0.1822210207104069,0.1897697219892924,0.02715603431593885,0.14309993201903468
avg,413,15503,0.1822210207104069,0.20537960394762303,0.026640005160291556,0.1297110552763819
mlscc,413,31006,0.1822210207104069,0.25627297942333743,0.0573114880990776,0.2236345330984143
