,R,p,alpha,gamma,mu,sigma,mean,median,stdev
mlscc,-1551.8019546561236,5.337215444409507e-272,2.3938283446164643,0.017746058419833628,0.6584934308337356,0.43489734329028856,2.205647453912601,2.0344827586206895,0.8623435487608405
min,-869.077872892717,4.480202548894009e-155,2.3628206745206732,0.028221132664366422,0.7128512047304567,0.36081470730688053,2.204133309462121,2.0869565217391304,0.743304252451257
max,-838.7676163208956,9.362969885145611e-152,2.2066064237068894,0.024031407633519214,0.7953899671427732,0.4338707825915701,2.4787828014153526,2.306378132118451,0.9884383191158833
avg,-926.1708150855762,1.556197376786787e-165,2.227547162119415,0.023319537016203838,0.7822901272754446,0.4253566318939156,2.4368397659645913,2.276119402985074,0.953848413842578
