,n-nodes,n-edges,density,tau-edges-metric,tau-edges-ultrametric
min,413,18381,0.2160488022755589,0.15146074751101682,0.02459060986888635
max,413,15503,0.1822210207104069,0.1897697219892924,0.02715603431593885
avg,413,15503,0.1822210207104069,0.20537960394762303,0.026640005160291556
harm,413,18381,0.2160488022755589,0.1702301289374898,0.022414449703498176
