,n_nodes,nedges,density,nedges_metric,nedges_ultrametric
max,413,15503,0.1822210207104069,2942,421
avg,413,15503,0.1822210207104069,3184,413
dir_scc,413,31006,0.1822210207104069,7946,1777
