,n-nodes,n-edges,density,%-edges-metric,%-edges-ultrametric
min,42800,450539,0.0004919092572037996,0.16068975160862878,0.11274939572378861
max,42800,54937,5.9981530706565113e-05,0.5996141034275625,0.44960591222673246
avg,42800,54937,5.9981530706565113e-05,0.579208912026503,0.3865336658354115
harm,42800,450539,0.0004919092572037996,0.16079407110150287,0.10819929018353572
