,n-nodes,n-edges,density,tau-edges-metric,tau-edges-ultrametric
min,42800,450539,0.0004919092572037996,0.16068975160862878,0.11274939572378861
max,27725,54259,0.00014118037660676625,0.5953850974031958,0.44735435595938
avg,27725,54259,0.00014118037660676625,0.5753884148251903,0.3844339187968816
harm,42800,450539,0.0004919092572037996,0.16079407110150287,0.10819929018353572
