,n-nodes,n-edges,density,tau-edges-metric,tau-edges-ultrametric
min,4245,85084,0.009445497225210344,0.15920737153871467,0.09086314700766301
max,2428,16352,0.005549864952833615,0.5377323874755382,0.0912426614481409
avg,2428,16352,0.005549864952833615,0.6114848336594912,0.07772749510763209
harm,4245,85084,0.009445497225210344,0.16042969300926144,0.08662028113393823
